dataset,model,target_kind,rule,target,baseline_recall,final_recall,min_budget,frac_from_target_class_at_min,max_budget_tested,acc_delta,macro_f1_delta,ece_delta,tpcr,stealth_ok_at_min_budget,audit_acc_delta,audit_ece_delta
cic_ids2017_v2,dnn_5class_cw,fragile,block_greedy,R2L,0.23318385650224216,0.0,0.005024246363045543,0.9751243781094527,0.10000999850022496,-0.049616317144499655,-0.22483744507504683,0.10387571778590886,0.2711525483040468,True,-0.04966754986751987,0.1036962010106393
cic_ids2017_v2,dnn_5class_cw,fragile,block_greedy_stealth,R2L,0.23318385650224216,0.23318385650224216,,,0.002599610058491226,0.0,0.0,0.0018411585180466688,0.19339115654760416,False,0.0,0.000968871321763935
cic_ids2017_v2,dnn_5class_cw,fragile,highest_pt,R2L,0.23318385650224216,0.0,0.005024246363045543,0.9751243781094527,0.10000999850022496,-0.049616317144499655,-0.22483744507504683,0.10387571778590886,0.2711525483040468,True,-0.04966754986751987,0.1036962010106393
cic_ids2017_v2,dnn_5class_cw,fragile,random,R2L,0.23318385650224216,0.0,0.10000999850022496,0.028742814296425893,0.10000999850022496,-0.12695278326292891,-0.37579837457071674,0.08568791908220068,0.35081360761866676,False,-0.12803079538069284,0.08561703359336613
cic_ids2017_v2,dnn_5class_cw,stable,block_greedy,Probe,0.9933274021352313,0.0,0.10000999850022496,0.5611097225693576,0.10000999850022496,-0.05061614217511934,-0.2402561923127654,0.1504127528330491,0.2426825305571525,False,-0.05149227615857621,0.149707043775801
cic_ids2017_v2,dnn_5class_cw,stable,block_greedy_stealth,Probe,0.9933274021352313,0.9933274021352313,,,0.09241113832925062,-0.08273552128377526,-0.07006506306702909,0.07144545238997174,0.05129102407078761,False,-0.08236264560315953,0.07098051981917494
cic_ids2017_v2,dnn_5class_cw,stable,highest_pt,Probe,0.9933274021352313,0.0,0.10000999850022496,0.5611097225693576,0.10000999850022496,-0.05061614217511934,-0.2402561923127654,0.1504127528330491,0.2426825305571525,False,-0.05149227615857621,0.149707043775801
cic_ids2017_v2,dnn_5class_cw,stable,random,Probe,0.9933274021352313,0.9933274021352313,,,0.10000999850022496,-4.99912515309342e-05,-5.4407814795931486e-05,0.09482440713209575,0.19344114779913515,False,-2.499625056240351e-05,0.09580313230383301
cic_ids2017_v2,dnn_5class_smote,fragile,block_greedy,Probe,0.9079181494661922,0.0,0.05024246363045543,0.9995024875621891,0.10000999850022496,-0.0941835178843703,-0.23486339974950743,0.09928721487856436,0.15247331716949533,False,-0.09368594710793388,0.09700894692241166
cic_ids2017_v2,dnn_5class_smote,fragile,block_greedy_stealth,Probe,0.9079181494661922,0.9079181494661922,,,0.000549917512373144,0.0,0.0,-0.00015892026777991305,0.034343989801784686,False,0.0,-0.00019948228533853184
cic_ids2017_v2,dnn_5class_smote,fragile,highest_pt,Probe,0.9079181494661922,0.0,0.05024246363045543,1.0,0.10000999850022496,-0.0941835178843703,-0.23486339974950743,0.09928721487856436,0.15247331716949533,False,-0.09368594710793388,0.09700894692241166
cic_ids2017_v2,dnn_5class_smote,fragile,random,Probe,0.9079181494661922,0.0071174377224199285,0.10000999850022496,0.2944263934016496,0.10000999850022496,-0.14492463818831713,-0.4452788151958183,0.06889764483179701,0.20341440247956608,False,-0.144753287006949,0.06696600082039186
cic_ids2017_v2,dnn_5class_smote,stable,block_greedy,DoS,0.9830729166666666,0.0,0.10000999850022496,1.0,0.10000999850022496,-0.12605294073537132,-0.20354014121075825,0.10846318250154001,0.17314469967755644,False,-0.12595610658401246,0.10798850868773463
cic_ids2017_v2,dnn_5class_smote,stable,block_greedy_stealth,DoS,0.9830729166666666,0.9830729166666666,,,0.000549917512373144,0.0,0.0,-0.00015892026777991305,0.034343989801784686,False,0.0,-0.00019948228533853184
cic_ids2017_v2,dnn_5class_smote,stable,highest_pt,DoS,0.9830729166666666,0.0,0.10000999850022496,1.0,0.10000999850022496,-0.12605294073537132,-0.20354014121075825,0.10846551715587711,0.17314469967755644,False,-0.12595610658401246,0.10798889102507811
cic_ids2017_v2,dnn_5class_smote,stable,random,DoS,0.9830729166666666,0.22340029761904762,0.10000999850022496,0.6760809797550612,0.10000999850022496,-0.14492463818831713,-0.4452788151958183,0.06889764483179701,0.20341440247956608,False,-0.144753287006949,0.06696600082039186
cic_ids2017_v2,rf_5class_cw,fragile,block_greedy,DoS,0.9983258928571429,0.0,0.10000999850022496,1.0,0.10000999850022496,-0.13350163721348762,-0.20182172532460885,0.06857450792335858,0.13515134851401006,False,-0.13375493675948602,0.06900896247858197
cic_ids2017_v2,rf_5class_cw,fragile,block_greedy_stealth,DoS,0.9983258928571429,0.9983258928571429,,,0.0011248312753087038,-0.00014997375459291362,0.013226521579053352,0.0004638922613425145,7.498687729647311e-05,False,-0.0004249362595610817,0.0009553673117057764
cic_ids2017_v2,rf_5class_cw,fragile,highest_pt,DoS,0.9983258928571429,0.0,0.10000999850022496,1.0,0.10000999850022496,-0.13350163721348762,-0.20182172532460885,0.06857450792335858,0.13515134851401006,False,-0.13375493675948602,0.06900896247858197
cic_ids2017_v2,rf_5class_cw,fragile,random,DoS,0.9983258928571429,0.0,0.10000999850022496,0.6760809797550612,0.10000999850022496,-0.19269127902617034,-0.6615516137728689,0.09763264865069661,0.19444097282975478,False,-0.19267109933509974,0.09789882827438227
cic_ids2017_v2,rf_5class_cw,stable,block_greedy,Probe,0.9995551601423488,0.0,0.05024246363045543,0.9995024875621891,0.10000999850022496,-0.07221236283650356,-0.29078913508418747,0.11414920696408268,0.0739370610143225,False,-0.07133929910513426,0.11474489520962773
cic_ids2017_v2,rf_5class_cw,stable,block_greedy_stealth,Probe,0.9995551601423488,0.9942170818505338,,,0.0011248312753087038,-0.00014997375459291362,0.013226521579053352,0.0004638922613425145,7.498687729647311e-05,False,-0.0004249362595610817,0.0009553673117057764
cic_ids2017_v2,rf_5class_cw,stable,highest_pt,Probe,0.9995551601423488,0.0,0.05024246363045543,1.0,0.10000999850022496,-0.07221236283650356,-0.29078913508418747,0.11415296532490547,0.0739370610143225,False,-0.07133929910513426,0.1147561404504416
cic_ids2017_v2,rf_5class_cw,stable,random,Probe,0.9995551601423488,0.0,0.10000999850022496,0.2944263934016496,0.10000999850022496,-0.19269127902617034,-0.6615516137728689,0.09763264865069661,0.19444097282975478,False,-0.19267109933509974,0.09789882827438227
cic_ids2017_v2,rf_5class_smote,fragile,block_greedy,DoS,0.9985119047619048,0.0,0.10000999850022496,1.0,0.10000999850022496,-0.13365161096808065,-0.214781021011756,0.06876282841212353,0.1349763791336516,False,-0.13375493675948602,0.06898468748512156
cic_ids2017_v2,rf_5class_smote,fragile,block_greedy_stealth,DoS,0.9985119047619048,0.9985119047619048,,,0.0006249062640603909,-0.00012497812882750203,-0.00023867402424815332,0.00012723145515947218,7.498687729647311e-05,False,-9.998500224961404e-05,0.00047180721568334746
cic_ids2017_v2,rf_5class_smote,fragile,highest_pt,DoS,0.9985119047619048,0.0,0.10000999850022496,1.0,0.10000999850022496,-0.13365161096808065,-0.214781021011756,0.06881225334298353,0.1349763791336516,False,-0.13375493675948602,0.06898365830328963
cic_ids2017_v2,rf_5class_smote,fragile,random,DoS,0.9985119047619048,0.0,0.10000999850022496,0.6760809797550612,0.10000999850022496,-0.1926412877746394,-0.5278261872312408,0.09759144275627557,0.19486589846776814,False,-0.1929460580912863,0.09813678880181684
cic_ids2017_v2,rf_5class_smote,stable,block_greedy,Probe,0.9995551601423488,0.0,0.05024246363045543,0.9995024875621891,0.10000999850022496,-0.09363361411752946,-0.28313717231707725,0.10636831432014138,0.09585822481065813,False,-0.09256111583262505,0.10658232424209642
cic_ids2017_v2,rf_5class_smote,stable,block_greedy_stealth,Probe,0.9995551601423488,0.9968861209964412,,,0.0006249062640603909,-0.00012497812882750203,-0.00023867402424815332,0.00012723145515947218,7.498687729647311e-05,False,-9.998500224961404e-05,0.00047180721568334746
cic_ids2017_v2,rf_5class_smote,stable,highest_pt,Probe,0.9995551601423488,0.0,0.05024246363045543,1.0,0.10000999850022496,-0.09363361411752946,-0.28313717231707725,0.10636831432014138,0.09585822481065813,False,-0.09256111583262505,0.10658232424209642
cic_ids2017_v2,rf_5class_smote,stable,random,Probe,0.9995551601423488,0.0,0.10000999850022496,0.2944263934016496,0.10000999850022496,-0.1926412877746394,-0.5278261872312408,0.09759144275627557,0.19486589846776814,False,-0.1929460580912863,0.09813678880181684
cic_ids2017_v2,xgb_5class_cw,fragile,block_greedy,DoS,0.9996279761904762,0.0011160714285714285,0.10000999850022496,1.0,0.10000999850022496,-0.13387657159997002,-0.21423687105966494,0.06888581068899761,0.13467643162446571,False,-0.1340798880167975,0.06911188479713318
cic_ids2017_v2,xgb_5class_cw,fragile,block_greedy_stealth,DoS,0.9996279761904762,0.9996279761904762,,,0.000274958756186572,2.499562576552261e-05,0.0004464085127411366,-2.140027198659181e-05,0.00014997375459294623,False,2.499625056240351e-05,0.0002593659907986168
cic_ids2017_v2,xgb_5class_cw,fragile,highest_pt,DoS,0.9996279761904762,0.0011160714285714285,0.10000999850022496,1.0,0.10000999850022496,-0.13387657159997002,-0.21423687105966494,0.06888581068899761,0.13467643162446571,False,-0.1340798880167975,0.06911188479713318
cic_ids2017_v2,xgb_5class_cw,fragile,random,DoS,0.9996279761904762,0.16722470238095238,0.10000999850022496,0.6760809797550612,0.10000999850022496,-0.16189666808308545,-0.6100059398141717,0.0677962988795061,0.16334641437748393,False,-0.16302554616807485,0.06931442145761676
cic_ids2017_v2,xgb_5class_cw,stable,block_greedy,Probe,0.9995551601423488,0.0,0.05024246363045543,1.0,0.10000999850022496,-0.09155897717899364,-0.2956234950329678,0.09888787546014909,0.09300872347339216,False,-0.09126131080337951,0.09870923226751886
cic_ids2017_v2,xgb_5class_cw,stable,block_greedy_stealth,Probe,0.9995551601423488,0.9995551601423488,,,0.000274958756186572,2.499562576552261e-05,0.0004464085127411366,-2.140027198659181e-05,0.00014997375459294623,False,2.499625056240351e-05,0.0002593659907986168
cic_ids2017_v2,xgb_5class_cw,stable,highest_pt,Probe,0.9995551601423488,0.0,0.05024246363045543,1.0,0.10000999850022496,-0.09155897717899364,-0.2956234950329678,0.09888787546014909,0.09300872347339216,False,-0.09126131080337951,0.09870923226751886
cic_ids2017_v2,xgb_5class_cw,stable,random,Probe,0.9995551601423488,0.1748220640569395,0.10000999850022496,0.2944263934016496,0.10000999850022496,-0.16189666808308545,-0.6100059398141717,0.0677962988795061,0.16334641437748393,False,-0.16302554616807485,0.06931442145761676
cic_ids2017_v2,xgb_5class_smote,fragile,block_greedy,R2L,0.9730941704035875,0.0,0.010048492726091086,0.554726368159204,0.10000999850022496,-0.10130727122753524,-0.5159083326994096,0.09117534870502685,0.10308196065688505,False,-0.10030995350697391,0.09076838480309637
cic_ids2017_v2,xgb_5class_smote,fragile,block_greedy_stealth,R2L,0.9730941704035875,0.9730941704035875,,,0.00024996250562415637,0.0,0.0,0.00011075081777280017,9.998250306196416e-05,False,0.0,0.00022751208356015616
cic_ids2017_v2,xgb_5class_smote,fragile,highest_pt,R2L,0.9730941704035875,0.0,0.010048492726091086,0.554726368159204,0.10000999850022496,-0.10130727122753524,-0.5159083326994096,0.09117534870502685,0.10308196065688505,False,-0.10030995350697391,0.09076838480309637
cic_ids2017_v2,xgb_5class_smote,fragile,random,R2L,0.9730941704035875,0.21973094170403587,0.10000999850022496,0.028742814296425893,0.10000999850022496,-0.1602719524083286,-0.5442884501264881,0.06635183088537419,0.16209663308920938,False,-0.1602009698545218,0.06624150609316405
cic_ids2017_v2,xgb_5class_smote,stable,block_greedy,DoS,0.9996279761904762,0.0013020833333333333,0.10000999850022496,1.0,0.10000999850022496,-0.1337265978453771,-0.2140430528728735,0.06897256598660216,0.1347014272502312,False,-0.13405489176623508,0.06929219684303269
cic_ids2017_v2,xgb_5class_smote,stable,block_greedy_stealth,DoS,0.9996279761904762,0.9996279761904762,,,0.00024996250562415637,0.0,0.0,0.00011075081777280017,9.998250306196416e-05,False,0.0,0.00022751208356015616
cic_ids2017_v2,xgb_5class_smote,stable,highest_pt,DoS,0.9996279761904762,0.0013020833333333333,0.10000999850022496,1.0,0.10000999850022496,-0.1337265978453771,-0.2140430528728735,0.06897256598660216,0.1347014272502312,False,-0.13405489176623508,0.06929219684303269
cic_ids2017_v2,xgb_5class_smote,stable,random,DoS,0.9996279761904762,0.15048363095238096,0.10000999850022496,0.6760809797550612,0.10000999850022496,-0.1602719524083286,-0.5442884501264881,0.06635183088537419,0.16209663308920938,False,-0.1602009698545218,0.06624150609316405
nsl_kdd_v2,dnn_5class_cw,fragile,block_greedy,R2L,0.07383015597920277,0.0,0.0050009922603691205,0.9920634920634921,0.10001984520738241,-0.09825230660042583,-0.13359181975723788,0.1496048873379039,0.18625798438608943,True,-0.07148243699146661,0.11711421349391667
nsl_kdd_v2,dnn_5class_cw,fragile,block_greedy_stealth,R2L,0.07383015597920277,0.07383015597920277,,,0.001230402857709863,0.0,0.0,0.007307182364557435,0.07354506742370476,False,0.0,0.0008699761086870738
nsl_kdd_v2,dnn_5class_cw,fragile,highest_pt,R2L,0.07383015597920277,0.0,0.0050009922603691205,0.9920634920634921,0.10001984520738241,-0.09825230660042583,-0.13359181975723788,0.1496048873379039,0.18625798438608943,True,-0.07148243699146661,0.11711421349391667
nsl_kdd_v2,dnn_5class_cw,fragile,random,R2L,0.07383015597920277,0.02391681109185442,0.10001984520738241,0.01865079365079365,0.10001984520738241,-0.014460610361958781,-0.0509042692418854,0.04048218076553245,0.08955819730305181,False,-0.00047628497717799867,0.09740827371335287
nsl_kdd_v2,dnn_5class_cw,stable,block_greedy,DoS,0.8315013404825737,0.8230563002680965,,,0.10001984520738241,-0.002794535131298792,-0.0014008851469484718,0.024667574876512582,0.07656139105748758,False,-0.00019845207382418462,0.10089193624959192
nsl_kdd_v2,dnn_5class_cw,stable,block_greedy_stealth,DoS,0.8315013404825737,0.8315013404825737,,,0.001230402857709863,0.0,0.0,0.007307182364557435,0.07354506742370476,False,0.0,0.0008699761086870738
nsl_kdd_v2,dnn_5class_cw,stable,highest_pt,DoS,0.8315013404825737,0.8313672922252011,,,0.10001984520738241,-4.435770049682208e-05,-2.2659926940171715e-05,0.021659682281825243,0.07358942512420157,False,0.0,0.1010418119100739
nsl_kdd_v2,dnn_5class_cw,stable,random,DoS,0.8315013404825737,0.820509383378016,,,0.10001984520738241,-0.014460610361958781,-0.0509042692418854,0.04048218076553245,0.08955819730305181,False,-0.00047628497717799867,0.09740827371335287
nsl_kdd_v2,dnn_5class_smote,fragile,block_greedy,R2L,0.05545927209705372,0.0,0.010001984520738241,0.7896825396825397,0.10001984520738241,-0.10654719659332856,-0.1459591444687655,0.11080375621143335,0.1619056068133428,False,-0.07465767017265323,0.056821978844986375
nsl_kdd_v2,dnn_5class_smote,fragile,block_greedy_stealth,R2L,0.05545927209705372,0.05545927209705372,,,0.0008731891248263545,0.0,0.0,0.0027506552195725453,0.027235628105039034,False,0.0,0.00019553294653194668
nsl_kdd_v2,dnn_5class_smote,fragile,highest_pt,R2L,0.05545927209705372,0.0,0.010001984520738241,0.7896825396825397,0.10001984520738241,-0.10654719659332856,-0.1459591444687655,0.11082112993216015,0.1619056068133428,False,-0.07465767017265323,0.05684666020696044
nsl_kdd_v2,dnn_5class_smote,fragile,random,R2L,0.05545927209705372,0.028422876949740036,,,0.10001984520738241,-0.010911994322214347,-0.05244570680021732,0.028087251153059933,0.044579488999290276,False,-0.0003969041476482582,0.09802213228139497
nsl_kdd_v2,dnn_5class_smote,stable,block_greedy,DoS,0.8379356568364611,0.8379356568364611,,,0.10001984520738241,-0.000532292405961643,-0.03702742111464019,0.021131195101399852,0.02976401703335699,False,0.00019845207382418462,0.10084736598373858
nsl_kdd_v2,dnn_5class_smote,stable,block_greedy_stealth,DoS,0.8379356568364611,0.8379356568364611,,,0.0008731891248263545,0.0,0.0,0.0027506552195725453,0.027235628105039034,False,0.0,0.00019553294653194668
nsl_kdd_v2,dnn_5class_smote,stable,highest_pt,DoS,0.8379356568364611,0.8379356568364611,,,0.10001984520738241,-0.000532292405961643,-0.03702742111464019,0.021131195101399852,0.02976401703335699,False,0.00019845207382418462,0.10084736598373858
nsl_kdd_v2,dnn_5class_smote,stable,random,DoS,0.8379356568364611,0.8223860589812333,,,0.10001984520738241,-0.010911994322214347,-0.05244570680021732,0.028087251153059933,0.044579488999290276,False,-0.0003969041476482582,0.09802213228139497
nsl_kdd_v2,rf_5class_cw,fragile,block_greedy,R2L,0.04991334488734835,0.0,0.0050009922603691205,1.0,0.10001984520738241,-0.05997161107168203,-0.09184311481221558,0.013587886188001552,0.027812278211497517,True,-0.009009724151617382,0.10177014196429858
nsl_kdd_v2,rf_5class_cw,fragile,block_greedy_stealth,R2L,0.04991334488734835,0.0034662045060658577,0.0010319507838856916,0.46153846153846156,0.0010716411986505258,-0.03819198012775016,-0.07356724479960175,0.0524891804328971,0.0035042583392476934,True,-0.0003175233181187398,0.0008890501237694533
nsl_kdd_v2,rf_5class_cw,fragile,highest_pt,R2L,0.04991334488734835,0.0,0.0050009922603691205,1.0,0.10001984520738241,-0.05997161107168203,-0.09184311481221558,0.013587886188001552,0.027812278211497517,True,-0.009009724151617382,0.10177014196429858
nsl_kdd_v2,rf_5class_cw,fragile,random,R2L,0.04991334488734835,0.0440207972270364,,,0.10001984520738241,-0.041119588360539416,-0.034032194446162345,0.024407659126975262,0.017166430092264016,False,-3.969041476492574e-05,0.09967836847214603
nsl_kdd_v2,rf_5class_cw,stable,block_greedy,DoS,0.8288203753351207,0.7400804289544236,,,0.10001984520738241,-0.029009936124911317,-0.017239315183477877,0.04220379663557142,0.02550567778566359,False,0.0,0.1010245324273354
nsl_kdd_v2,rf_5class_cw,stable,block_greedy_stealth,DoS,0.8288203753351207,0.7656836461126005,,,0.0010716411986505258,-0.03819198012775016,-0.07356724479960175,0.0524891804328971,0.0035042583392476934,False,-0.0003175233181187398,0.0008890501237694533
nsl_kdd_v2,rf_5class_cw,stable,highest_pt,DoS,0.8288203753351207,0.8288203753351207,,,0.10001984520738241,-4.435770049682208e-05,-6.211332775485356e-05,0.026691790824892314,0.04772888573456352,False,0.0,0.1010404540143753
nsl_kdd_v2,rf_5class_cw,stable,random,DoS,0.8288203753351207,0.7329758713136729,,,0.10001984520738241,-0.041119588360539416,-0.034032194446162345,0.024407659126975262,0.017166430092264016,False,-3.969041476492574e-05,0.09967836847214603
nsl_kdd_v2,rf_5class_smote,fragile,block_greedy,Probe,0.6641883519206939,0.0,0.10001984520738241,0.925,0.10001984520738241,-0.13262952448545062,-0.23850654471910032,0.1007780950421624,0.13950496806245563,False,-0.09533637626513192,0.15511985702327022
nsl_kdd_v2,rf_5class_smote,fragile,block_greedy_stealth,Probe,0.6641883519206939,0.6414704667492772,,,0.0007541178805318515,-0.03251419446415893,-0.04082554527379273,0.04154380143928582,0.008782824698367636,False,-0.00023814248858899933,0.0006243279553823439
nsl_kdd_v2,rf_5class_smote,fragile,highest_pt,Probe,0.6641883519206939,0.0,0.10001984520738241,0.925,0.10001984520738241,-0.13262952448545062,-0.23850654471910032,0.10117095545665378,0.13950496806245563,False,-0.09533637626513192,0.15549523335393167
nsl_kdd_v2,rf_5class_smote,fragile,random,Probe,0.6641883519206939,0.6480793060718711,,,0.10001984520738241,-0.032647267565649396,-0.03565806634646285,0.0013764099131079455,0.007452093683463449,False,-0.00031752331811862877,0.0995370505375477
nsl_kdd_v2,rf_5class_smote,stable,block_greedy,DoS,0.8435656836461126,0.7324396782841823,,,0.10001984520738241,-0.03681689141234912,-0.021912209039820718,0.04542864608966657,0.010113555713271823,False,-0.00015876165905925888,0.10106733655356319
nsl_kdd_v2,rf_5class_smote,stable,block_greedy_stealth,DoS,0.8435656836461126,0.7533512064343163,,,0.0007541178805318515,-0.03251419446415893,-0.04082554527379273,0.04154380143928582,0.008782824698367636,False,-0.00023814248858899933,0.0006243279553823439
nsl_kdd_v2,rf_5class_smote,stable,highest_pt,DoS,0.8435656836461126,0.8095174262734585,,,0.10001984520738241,-0.011178140525195168,-0.008346947755808354,0.011275904722103713,0.023997515968772178,False,-0.00011907124429444416,0.10108419554282784
nsl_kdd_v2,rf_5class_smote,stable,random,DoS,0.8435656836461126,0.7502680965147454,,,0.10001984520738241,-0.032647267565649396,-0.03565806634646285,0.0013764099131079455,0.007452093683463449,False,-0.00031752331811862877,0.0995370505375477
nsl_kdd_v2,xgb_5class_cw,fragile,block_greedy,R2L,0.07105719237435008,0.0,0.010001984520738241,0.7896825396825397,0.10001984520738241,-0.1606635911994322,-0.21107023612283504,0.14105223973384956,0.18417317246273954,False,-0.09466163921412973,0.06766858020262105
nsl_kdd_v2,xgb_5class_cw,fragile,block_greedy_stealth,R2L,0.07105719237435008,0.0707105719237435,,,0.00031752331811867436,-0.0035929737402412565,0.005023727277286172,0.015087083046159772,0.0020848119233498937,False,0.0,0.00023847211917513812
nsl_kdd_v2,xgb_5class_cw,fragile,highest_pt,R2L,0.07105719237435008,0.0,0.010001984520738241,0.7896825396825397,0.10001984520738241,-0.1606635911994322,-0.21107023612283504,0.14105223973384956,0.18417317246273954,False,-0.09466163921412973,0.06766858020262105
nsl_kdd_v2,xgb_5class_cw,fragile,random,R2L,0.07105719237435008,0.05407279029462738,,,0.10001984520738241,-0.017920511000709682,-0.027879830221048896,0.04105655767914765,0.019295599716110716,False,-3.969041476481472e-05,0.09973712249598674
nsl_kdd_v2,xgb_5class_cw,stable,block_greedy,DoS,0.8469168900804289,0.8412868632707775,,,0.10001984520738241,-0.001641234918381862,0.006264835630611421,0.03310666239390292,0.0004879347054648687,False,0.0,0.10102608552765444
nsl_kdd_v2,xgb_5class_cw,stable,block_greedy_stealth,DoS,0.8469168900804289,0.8364611260053619,,,0.00031752331811867436,-0.0035929737402412565,0.005023727277286172,0.015087083046159772,0.0020848119233498937,False,0.0,0.00023847211917513812
nsl_kdd_v2,xgb_5class_cw,stable,highest_pt,DoS,0.8469168900804289,0.8469168900804289,,,0.10001984520738241,0.0,0.0,0.028850251724746978,0.0023953158268275373,False,0.0,0.10112568667283815
nsl_kdd_v2,xgb_5class_cw,stable,random,DoS,0.8469168900804289,0.8100536193029491,,,0.10001984520738241,-0.017920511000709682,-0.027879830221048896,0.04105655767914765,0.019295599716110716,False,-3.969041476481472e-05,0.09973712249598674
nsl_kdd_v2,xgb_5class_smote,fragile,block_greedy,Probe,0.7059066501445683,0.0,0.10001984520738241,0.925,0.10001984520738241,-0.1152856635911994,-0.2360576404491057,0.15134533014168683,0.15303406671398154,False,-0.09450287755507047,0.13864145392307498
nsl_kdd_v2,xgb_5class_smote,fragile,block_greedy_stealth,Probe,0.7059066501445683,0.701363073110285,,,0.00039690414764834294,-0.0023953158268275043,-0.0018429662234307198,0.022094914885631006,0.005056777856635912,False,-3.969041476481472e-05,0.00033565355994696845
nsl_kdd_v2,xgb_5class_smote,fragile,highest_pt,Probe,0.7059066501445683,0.0,0.10001984520738241,0.925,0.10001984520738241,-0.1152856635911994,-0.2360576404491057,0.15136789488062113,0.15303406671398154,False,-0.09450287755507047,0.1386896861399436
nsl_kdd_v2,xgb_5class_smote,fragile,random,Probe,0.7059066501445683,0.6220570012391574,,,0.10001984520738241,-0.025461320085166772,-0.026451443567020005,0.0182415097106165,0.03202625975869411,False,-0.00011907124429455518,0.09970250114481417
nsl_kdd_v2,xgb_5class_smote,stable,block_greedy,DoS,0.8400804289544236,0.8388739946380697,,,0.10001984520738241,-0.00031050390347764356,-0.00014036185784194188,0.012583732963889371,0.0022622427253371187,False,0.0,0.10111119232385009
nsl_kdd_v2,xgb_5class_smote,stable,block_greedy_stealth,DoS,0.8400804289544236,0.8339142091152815,,,0.00039690414764834294,-0.0023953158268275043,-0.0018429662234307198,0.022094914885631006,0.005056777856635912,False,-3.969041476481472e-05,0.00033565355994696845
nsl_kdd_v2,xgb_5class_smote,stable,highest_pt,DoS,0.8400804289544236,0.8388739946380697,,,0.10001984520738241,-0.00031050390347764356,-0.00014036185784194188,0.012583732963889371,0.0022622427253371187,False,0.0,0.10111119232385009
nsl_kdd_v2,xgb_5class_smote,stable,random,DoS,0.8400804289544236,0.7978552278820376,,,0.10001984520738241,-0.025461320085166772,-0.026451443567020005,0.0182415097106165,0.03202625975869411,False,-0.00011907124429455518,0.09970250114481417
unsw_nb15_v2,dnn_5class_cw,fragile,block_greedy,DoS,0.019320127170457325,0.0,0.005024197421404559,0.7794117647058824,0.10000369426280986,-0.014891035439088651,-0.011378114525142202,0.09641969869974769,0.28103874820756053,True,-0.004359230115630441,0.09423665014528403
unsw_nb15_v2,dnn_5class_cw,fragile,block_greedy_stealth,DoS,0.019320127170457325,0.019320127170457325,,,0.06261775462706418,-0.015379524432328484,-0.006209728864012276,0.09060390395431676,0.275791430957596,False,-0.004211459603236212,0.042244458813158095
unsw_nb15_v2,dnn_5class_cw,fragile,highest_pt,DoS,0.019320127170457325,0.0,0.005024197421404559,0.7794117647058824,0.10000369426280986,-0.015694678621515634,-0.013513577408613975,0.09734352019620619,0.27911630765351947,True,-0.0043222874875319395,0.09429987154471733
unsw_nb15_v2,dnn_5class_cw,fragile,random,DoS,0.019320127170457325,0.009782342871117632,,,0.10000369426280986,-0.010541907628307201,0.007363873728134629,0.08282536595516125,0.29966436078851577,False,-0.004617828512320399,0.08342751054952595
unsw_nb15_v2,dnn_5class_cw,stable,block_greedy,R2L,0.9256904989593294,0.9185464364065928,,,0.10000369426280986,-0.00039394273648385436,0.0029701491652506795,-0.04554734526523199,0.2507524306266841,False,-0.001366877239646902,0.08192589502887591
unsw_nb15_v2,dnn_5class_cw,stable,block_greedy_stealth,R2L,0.9256904989593294,0.5762502109467289,,,0.10000369426280986,-0.04018215912135015,0.045064225344155606,0.05169931655405925,0.06889270575629126,False,-0.0565591636188999,0.06964174674215652
unsw_nb15_v2,dnn_5class_cw,stable,highest_pt,R2L,0.9256904989593294,0.9185464364065928,,,0.10000369426280986,-0.0004097004459432396,0.0029636007802149034,-0.045887770056999656,0.2507524306266841,False,-0.001403819867745404,0.08214905331905406
unsw_nb15_v2,dnn_5class_cw,stable,random,R2L,0.9256904989593294,0.927828092479046,,,0.10000369426280986,-0.005940656466176142,-0.0003674836794339553,0.010874471736700503,0.25926159373473473,False,-0.0012929919834497872,0.07508342965420749
unsw_nb15_v2,dnn_5class_smote,fragile,block_greedy,DoS,0.04450966006358523,0.0,0.005024197421404559,0.9264705882352942,0.10000369426280986,-0.05694836198610176,-0.03399050160273509,0.12622208784842542,0.29236854130883533,True,-0.01108278842956889,0.09601708281062218
unsw_nb15_v2,dnn_5class_smote,fragile,block_greedy_stealth,DoS,0.04450966006358523,0.04426510149180729,,,0.05183050722228379,-0.04930587289831556,-0.019610609975346305,0.10640955021959932,0.26173555411985316,False,-0.007905722413092398,0.03271469890925764
unsw_nb15_v2,dnn_5class_smote,fragile,highest_pt,DoS,0.04450966006358523,0.0,0.005024197421404559,0.9191176470588235,0.10000369426280986,-0.05772048974960997,-0.03568629245218391,0.12725432013456633,0.29016246198452594,True,-0.010971960545273163,0.09584454380749688
unsw_nb15_v2,dnn_5class_smote,fragile,random,DoS,0.04450966006358523,0.03203717290291025,,,0.10000369426280986,-0.05275681126991383,-0.006346300374526437,0.10240869355311281,0.3093711098154772,False,-0.01241272304111718,0.08362273538612408
unsw_nb15_v2,dnn_5class_smote,stable,block_greedy,R2L,0.8875513303707038,0.8660628902514484,,,0.10000369426280986,0.008745528749940945,0.004084228092578579,-0.018751766411649808,0.25204456280235105,False,-0.0011452214710554465,0.0860790505617271
unsw_nb15_v2,dnn_5class_smote,stable,block_greedy_stealth,R2L,0.8875513303707038,0.5561118298925578,,,0.10000369426280986,-0.0355651502497597,0.04043332570309577,0.05128292946002881,0.0764564062967807,False,-0.052901843437142104,0.07680278836025164
unsw_nb15_v2,dnn_5class_smote,stable,highest_pt,R2L,0.8875513303707038,0.8666254148619003,,,0.10000369426280986,0.008335828303997705,0.004313822845282034,-0.01884936501661738,0.2529427522415342,False,-0.0012929919834496761,0.08608337709081221
unsw_nb15_v2,dnn_5class_smote,stable,random,R2L,0.8875513303707038,0.8727569331158238,,,0.10000369426280986,-0.005310348087801953,-0.0005274134329164015,0.042426279241085774,0.228471029451159,False,-0.0007757951900697613,0.08256790372792636
unsw_nb15_v2,rf_5class_cw,fragile,block_greedy,DoS,0.022499388603570557,0.0,0.005024197421404559,0.6397058823529411,0.10000369426280986,-0.04308157766187115,-0.025570553019421793,0.1069979871216017,0.21769275618096154,True,-0.00868151760316227,0.08323976717186558
unsw_nb15_v2,rf_5class_cw,fragile,block_greedy_stealth,DoS,0.022499388603570557,0.013939838591342627,,,0.0508330562636226,-0.03142087266194993,-0.017627627499081422,0.10730944575763819,0.18912402893115457,False,-0.0037681480660534117,0.0319395890904762
unsw_nb15_v2,rf_5class_cw,fragile,highest_pt,DoS,0.022499388603570557,0.0,0.005024197421404559,0.6470588235294118,0.10000369426280986,-0.04265611950646864,-0.025397581729264873,0.10708567746786811,0.21733032886339643,True,-0.008644574975063768,0.08356889960148331
unsw_nb15_v2,rf_5class_cw,fragile,random,DoS,0.022499388603570557,0.009048667155783811,0.05024197421404559,0.15588235294117647,0.10000369426280986,-0.03673122074975188,-0.021056622176332862,0.05302769154863486,0.20722963709995115,False,-0.005504451586685888,0.06485432259459792
unsw_nb15_v2,rf_5class_cw,stable,block_greedy,R2L,0.9385160600776284,0.9331720762783372,,,0.10000369426280986,0.004947920770236758,0.001891849770874754,0.0060849024942118135,0.18176517861363672,False,-0.00048025416528130194,0.09430695954495759
unsw_nb15_v2,rf_5class_cw,stable,block_greedy_stealth,R2L,0.9385160600776284,0.6472408167857344,,,0.10000369426280986,-0.027087502560627863,0.03940408731117184,0.05460711910322523,0.03977245867540694,False,-0.043038161734825886,0.07930432047248209
unsw_nb15_v2,rf_5class_cw,stable,highest_pt,R2L,0.9385160600776284,0.9331720762783372,,,0.10000369426280986,0.004947920770236758,0.0018021747088816653,0.006026613495922206,0.18179669403255544,False,-0.0005171967933799149,0.09423067067582253
unsw_nb15_v2,rf_5class_cw,stable,random,R2L,0.9385160600776284,0.937728525622996,,,0.10000369426280986,-0.0005987929594554187,0.0006775753411289998,0.044499930448102284,0.17202691416775656,False,-0.0004063689090841871,0.0860167765774227
unsw_nb15_v2,rf_5class_smote,fragile,block_greedy,DoS,0.022743947175348497,0.0017119100024455857,0.10000369426280986,0.7680088659032139,0.10000369426280986,-0.04854950284426651,-0.02489781215695064,0.11027920243382462,0.2566773293834008,False,-0.014259854446045273,0.08922457815118572
unsw_nb15_v2,rf_5class_smote,fragile,block_greedy_stealth,DoS,0.022743947175348497,0.018586451455123502,,,0.047323506594259115,-0.023006255810655407,-0.013539171052372456,0.09566262716578326,0.2099242054175005,False,-0.0024382134545051226,0.029427949206977652
unsw_nb15_v2,rf_5class_smote,fragile,highest_pt,DoS,0.022743947175348497,0.0017119100024455857,0.10000369426280986,0.768747691171038,0.10000369426280986,-0.04854950284426651,-0.024944705207420648,0.11064224299860072,0.2566300562550228,False,-0.014296797074143885,0.08937667437463515
unsw_nb15_v2,rf_5class_smote,fragile,random,DoS,0.022743947175348497,0.014673514306676448,,,0.10000369426280986,-0.02596870518901373,-0.010488656977006516,0.0425436907281551,0.22517766817415422,False,-0.0034356644131663394,0.06874681802569042
unsw_nb15_v2,rf_5class_smote,stable,block_greedy,R2L,0.9373910108567249,0.9162963379647859,,,0.10000369426280986,0.00609823356076955,-0.00012736968249593694,-0.0015121803198847525,0.19508044310678999,False,-0.00014777051239422967,0.09264629070030371
unsw_nb15_v2,rf_5class_smote,stable,block_greedy_stealth,R2L,0.9373910108567249,0.6160207009056646,,,0.10000369426280986,-0.03257118545248261,0.02506990435383938,0.056969903049156986,0.027071744851168433,False,-0.0459196867265137,0.08167720660853747
unsw_nb15_v2,rf_5class_smote,stable,highest_pt,R2L,0.9373910108567249,0.9263655284918715,,,0.10000369426280986,0.008083704952648096,0.0017783520499081718,-0.0009524025685889934,0.19892532421487213,False,7.388525619711483e-05,0.09334206291705562
unsw_nb15_v2,rf_5class_smote,stable,random,R2L,0.9373910108567249,0.9233278955954323,,,0.10000369426280986,0.004191550716187931,0.00641884117977809,0.03964083584193846,0.19087313468114275,False,0.00025859839668995743,0.08640461039035753
unsw_nb15_v2,xgb_5class_cw,fragile,block_greedy,DoS,0.09562240156517486,0.0,0.005024197421404559,0.9558823529411765,0.10000369426280986,-0.04840768345913238,-0.044583697276130874,0.10030111675956517,0.24000567277540535,True,-0.018286600908788753,0.09027745563393458
unsw_nb15_v2,xgb_5class_cw,fragile,block_greedy_stealth,DoS,0.09562240156517486,0.09513328442161897,,,0.040119694115039344,-0.010179480310742006,-0.006349170153625572,0.07433458812161671,0.16307653519484408,False,-0.0014777051239425187,0.029464782648188276
unsw_nb15_v2,xgb_5class_cw,fragile,highest_pt,DoS,0.09562240156517486,0.0,0.005024197421404559,0.9338235294117647,0.10000369426280986,-0.04840768345913238,-0.045082361673695726,0.10094353557322296,0.23951718378216544,True,-0.018212715652591527,0.09069971627646156
unsw_nb15_v2,xgb_5class_cw,fragile,random,DoS,0.09562240156517486,0.06700904866715579,,,0.10000369426280986,-0.022202612628228313,-0.0077634231881591464,0.03703494072075503,0.20782843005940657,False,-0.005910820495770075,0.06353609142431278
unsw_nb15_v2,xgb_5class_cw,stable,block_greedy,R2L,0.9079147212690555,0.8947516453844856,,,0.10000369426280986,0.014087392256661668,0.011305215113614153,-0.03728398673681639,0.15382675974220386,False,-0.00048025416528141296,0.09375654665348954
unsw_nb15_v2,xgb_5class_cw,stable,block_greedy_stealth,R2L,0.9079147212690555,0.6519660235135287,,,0.10000369426280986,-0.023006255810655296,0.017403647650785947,0.04975530228596518,0.018956524479601645,False,-0.04813624441242759,0.08241761887989514
unsw_nb15_v2,xgb_5class_cw,stable,highest_pt,R2L,0.9079147212690555,0.8964954716768858,,,0.10000369426280986,0.014118907675580328,0.009520301571930956,-0.03710432924711137,0.15486676856652118,False,-0.00033248365288707227,0.09401245649135555
unsw_nb15_v2,xgb_5class_cw,stable,random,R2L,0.9079147212690555,0.8809697924284188,,,0.10000369426280986,-0.010967365783709604,0.00356004747709715,-0.000920047453688691,0.1506279447219552,False,-0.005578336842883003,0.0817986216340399
unsw_nb15_v2,xgb_5class_smote,fragile,block_greedy,DoS,0.09024211298606016,0.0,0.05024197421404559,0.7125,0.10000369426280986,-0.05738957785096355,-0.045162531869102795,0.09413924973188986,0.22818739068089064,False,-0.018028002512098795,0.09148438743966603
unsw_nb15_v2,xgb_5class_smote,fragile,block_greedy_stealth,DoS,0.09024211298606016,0.08999755441428223,,,0.04632605563559792,-0.018263185263390103,-0.007463513764438878,0.07825657611009121,0.1508012795260081,False,-0.0009605083305627149,0.03678042065145591
unsw_nb15_v2,xgb_5class_smote,fragile,highest_pt,DoS,0.09024211298606016,0.0,0.05024197421404559,0.7139705882352941,0.10000369426280986,-0.05749988181717902,-0.045345104750684206,0.09384440596665511,0.22817163297143128,False,-0.017991059884000182,0.09149397630344767
unsw_nb15_v2,xgb_5class_smote,fragile,random,DoS,0.09024211298606016,0.07532404010760577,,,0.10000369426280986,-0.02012259497959379,-0.0027629864918166103,0.024402534022229763,0.17602937237043223,False,-0.003177066016476493,0.06331103476149673
unsw_nb15_v2,xgb_5class_smote,stable,block_greedy,R2L,0.9013894357878157,0.9013331833267706,,,0.10000369426280986,1.575770945938526e-05,-8.267980952425535e-05,-0.034190216251106825,0.12724350388427538,False,3.6942628098501906e-05,0.09452782652415097
unsw_nb15_v2,xgb_5class_smote,stable,block_greedy_stealth,R2L,0.9013894357878157,0.6655791190864601,,,0.10000369426280986,-0.024014749216053954,0.02519387056740241,0.04177919413257056,0.014071634547202219,False,-0.045439432561232396,0.08366727832752628
unsw_nb15_v2,xgb_5class_smote,stable,highest_pt,R2L,0.9013894357878157,0.9013894357878157,,,0.10000369426280986,0.0,1.1110198387065395e-05,-0.03418784994775396,0.12730653472211279,False,0.0,0.09449472042001013
unsw_nb15_v2,xgb_5class_smote,stable,random,R2L,0.9013894357878157,0.8925577994037239,,,0.10000369426280986,-0.002600022060793239,-0.001886669894295756,0.020936300129819813,0.12369801925592096,False,-0.0010343935867598297,0.08485424483034791
