Model,Accuracy,F1 macro,F1 weighted,MCC,R2L F1,U2R F1
rf_binary_cw,0.7657469836763662,0.7645022319103687,0.7621312038362723,0.6010925050628536,,
xgb_binary_cw,0.7906316536550745,0.7901677561853371,0.7888014468452238,0.6368892793089913,,
dnn_binary_cw,0.7936479772888574,0.7936445406834731,0.7935279202268501,0.6202209923727532,,
rf_5class_smote,0.743346344925479,0.5233606968335291,0.6982315682822388,0.6304935912728727,0.03334467505954406,0.2222222222222222
xgb_5class_smote,0.7887242725337118,0.6218989059197095,0.7554455526575719,0.6949395208796594,0.20049813200498132,0.425531914893617
dnn_5class_smote,0.7924059616749468,0.6025015363612776,0.7623538458376786,0.6996530140868117,0.2241273729332517,0.2831050228310502
rf_5class_cw,0.7375798438608943,0.47160100256269005,0.6895211752203615,0.6220607577552186,0.004149377593360996,0.02857142857142857
xgb_5class_cw,0.7786994322214337,0.5847216027938449,0.7406173976754309,0.6805027479406542,0.1366419593941347,0.3333333333333333
dnn_5class_cw,0.7747072391767211,0.5552594472084922,0.7521253485184436,0.6698163276537362,0.19319492502883506,0.13452914798206278
