model,true_class,partition,n,accuracy,mean_p_true,mean_p_max
rf_5class_cw,Normal,strict,10775,0.9988863109048723,0.9987880451730531,0.9992707297778688
rf_5class_cw,Normal,holdout,2694,0.9981440237564959,0.9982263680614752,0.9991673237658301
rf_5class_cw,Normal,test,9711,0.9707548141283081,0.9698212353802538,0.9965595347763538
rf_5class_cw,DoS,strict,7349,1.0,0.9998446417001464,0.9998446417001464
rf_5class_cw,DoS,holdout,1837,1.0,0.9995556330331208,0.9995556330331208
rf_5class_cw,DoS,test,7460,0.8457104557640751,0.8124356940902544,0.9572941962676658
rf_5class_cw,Probe,strict,1865,0.9983914209115281,0.9957858253170314,0.997288019642166
rf_5class_cw,Probe,holdout,466,1.0,0.9979349161029639,0.9979349161029639
rf_5class_cw,Probe,test,2421,0.6897976042957455,0.6821353107533343,0.9322602488370673
rf_5class_cw,R2L,strict,159,0.9874213836477987,0.974010669717378,0.9790030006230145
rf_5class_cw,R2L,holdout,40,0.95,0.95280096489811,0.9679252226843607
rf_5class_cw,R2L,test,2885,0.03431542461005199,0.032386393485726216,0.9708680971665692
rf_5class_cw,U2R,strict,10,0.8,0.6903635361861457,0.8879900884742185
rf_5class_cw,U2R,test,67,0.07462686567164178,0.06724117587582853,0.9382569615042968
xgb_5class_cw,Normal,strict,10775,0.9995359628770302,0.9992804527282715,0.9995263814926147
xgb_5class_cw,Normal,holdout,2694,0.9996288047512992,0.9996238350868225,0.9996768236160278
xgb_5class_cw,Normal,test,9711,0.9718875502008032,0.9717867970466614,0.9986015558242798
xgb_5class_cw,DoS,strict,7349,0.9998639270649068,0.9998142719268799,0.9998337626457214
xgb_5class_cw,DoS,holdout,1837,0.9994556341861731,0.999600887298584,0.9996786713600159
xgb_5class_cw,DoS,test,7460,0.8420911528150135,0.8328052163124084,0.9789323210716248
xgb_5class_cw,Probe,strict,1865,0.9973190348525469,0.9967120289802551,0.9976805448532104
xgb_5class_cw,Probe,holdout,466,1.0,0.9994581341743469,0.9994581341743469
xgb_5class_cw,Probe,test,2421,0.7067327550598926,0.7177814841270447,0.9359362125396729
xgb_5class_cw,R2L,strict,159,0.9937106918238994,0.9941713213920593,0.9957436323165894
xgb_5class_cw,R2L,holdout,40,0.975,0.9749231338500977,0.9777008891105652
xgb_5class_cw,R2L,test,2885,0.06897746967071057,0.09814675152301788,0.952724039554596
xgb_5class_cw,U2R,strict,10,0.9,0.887163519859314,0.9871630668640137
xgb_5class_cw,U2R,test,67,0.2537313432835821,0.2212415188550949,0.9293121099472046
dnn_5class_cw,Normal,strict,10775,0.994060324825986,0.9892463088035583,0.9921568036079407
dnn_5class_cw,Normal,holdout,2694,0.9922048997772829,0.9877029061317444,0.9913091659545898
dnn_5class_cw,Normal,test,9711,0.9713726701678509,0.9563100934028625,0.9809527397155762
dnn_5class_cw,DoS,strict,7349,0.9993196353245339,0.997693657875061,0.9980961680412292
dnn_5class_cw,DoS,holdout,1837,0.9994556341861731,0.9984368085861206,0.9988121390342712
dnn_5class_cw,DoS,test,7460,0.8315013404825737,0.8149191737174988,0.9754344820976257
dnn_5class_cw,Probe,strict,1865,0.9796246648793566,0.9659518003463745,0.9759770631790161
dnn_5class_cw,Probe,holdout,466,0.9849785407725322,0.9700156450271606,0.9778488278388977
dnn_5class_cw,Probe,test,2421,0.6617100371747212,0.6561970710754395,0.9242159724235535
dnn_5class_cw,R2L,strict,159,0.7610062893081762,0.7400839924812317,0.8389014601707458
dnn_5class_cw,R2L,holdout,40,0.75,0.6989243030548096,0.8278322219848633
dnn_5class_cw,R2L,test,2885,0.07417677642980935,0.0676221027970314,0.9027971625328064
dnn_5class_cw,U2R,strict,10,0.4,0.4369227886199951,0.8544241786003113
dnn_5class_cw,U2R,test,67,0.19402985074626866,0.1873142272233963,0.8512399196624756
rf_5class_smote,Normal,strict,10775,0.9989791183294664,0.9989826973565292,0.9991955192267747
rf_5class_smote,Normal,holdout,2694,0.9981440237564959,0.9983801205697237,0.9990051552600017
rf_5class_smote,Normal,test,9711,0.9704458861085367,0.9697613048212146,0.9962616959844979
rf_5class_smote,DoS,strict,7349,1.0,0.9998217921973234,0.9998217921973234
rf_5class_smote,DoS,holdout,1837,1.0,0.99938643875706,0.99938643875706
rf_5class_smote,DoS,test,7460,0.8473190348525469,0.8100104510373655,0.9499021710555632
rf_5class_smote,Probe,strict,1865,0.9978552278820375,0.9958104778438922,0.9973607537832391
rf_5class_smote,Probe,holdout,466,1.0,0.9981010868380247,0.9981010868380247
rf_5class_smote,Probe,test,2421,0.6460140437835605,0.7054989690632697,0.8900784886399791
rf_5class_smote,R2L,strict,159,0.9937106918238994,0.9792217732836385,0.9803316418188495
rf_5class_smote,R2L,holdout,40,1.0,0.9534391806330171,0.9534391806330171
rf_5class_smote,R2L,test,2885,0.06377816291161179,0.046112926623277296,0.9514448492693474
rf_5class_smote,U2R,strict,10,0.9,0.8092254664933568,0.9092213745625856
rf_5class_smote,U2R,test,67,0.08955223880597014,0.09244790053883377,0.9490730941771784
xgb_5class_smote,Normal,strict,10775,0.9997215777262181,0.9993269443511963,0.9993923902511597
xgb_5class_smote,Normal,holdout,2694,0.9996288047512992,0.9990333318710327,0.9994044899940491
xgb_5class_smote,Normal,test,9711,0.972299454227165,0.9712449312210083,0.9979624152183533
xgb_5class_smote,DoS,strict,7349,0.9998639270649068,0.9998950362205505,0.9999462962150574
xgb_5class_smote,DoS,holdout,1837,0.9994556341861731,0.9995759129524231,0.9998316168785095
xgb_5class_smote,DoS,test,7460,0.8380697050938338,0.8234019875526428,0.9630729556083679
xgb_5class_smote,Probe,strict,1865,0.9967828418230563,0.9971387982368469,0.9982122182846069
xgb_5class_smote,Probe,holdout,466,1.0,0.9999972581863403,0.9999972581863403
xgb_5class_smote,Probe,test,2421,0.7050805452292441,0.7214394807815552,0.9105091094970703
xgb_5class_smote,R2L,strict,159,0.9937106918238994,0.9941968321800232,0.9995025992393494
xgb_5class_smote,R2L,holdout,40,0.95,0.9660434722900391,0.9839513897895813
xgb_5class_smote,R2L,test,2885,0.0779896013864818,0.09789321571588516,0.9669351577758789
xgb_5class_smote,U2R,strict,10,0.9,0.900000274181366,0.9999997019767761
xgb_5class_smote,U2R,test,67,0.26865671641791045,0.2365775853395462,0.914657473564148
dnn_5class_smote,Normal,strict,10775,0.9982366589327146,0.9950926303863525,0.995963990688324
dnn_5class_smote,Normal,holdout,2694,0.9962880475129918,0.9940894842147827,0.9957267045974731
dnn_5class_smote,Normal,test,9711,0.9709607661414891,0.9682797789573669,0.9940414428710938
dnn_5class_smote,DoS,strict,7349,0.9990474894543475,0.9967530965805054,0.9970753192901611
dnn_5class_smote,DoS,holdout,1837,0.9983669025585193,0.9975596070289612,0.9981439113616943
dnn_5class_smote,DoS,test,7460,0.8412868632707775,0.8280660510063171,0.9760494232177734
dnn_5class_smote,Probe,strict,1865,0.9839142091152815,0.9843998551368713,0.9899320602416992
dnn_5class_smote,Probe,holdout,466,0.9914163090128756,0.9917594194412231,0.9945905804634094
dnn_5class_smote,Probe,test,2421,0.6179264766625362,0.6222543716430664,0.9352304339408875
dnn_5class_smote,R2L,strict,159,0.9245283018867925,0.9181758761405945,0.9652683138847351
dnn_5class_smote,R2L,holdout,40,0.875,0.8627704381942749,0.9333239793777466
dnn_5class_smote,R2L,test,2885,0.048873483535528596,0.05556831136345863,0.9621477723121643
dnn_5class_smote,U2R,strict,10,0.7,0.7225413918495178,0.9405304193496704
dnn_5class_smote,U2R,test,67,0.2835820895522388,0.2992597818374634,0.9158128499984741
