protocol,dataset,model,n_misclassified,ci_evaluable,auroc_c1,auroc_c2,auroc_c3,auroc_scts,auroc_scts_c1c2,auroc_scts_c1c3,pearson_c1,pearson_c2,pearson_c3,pearson_scts,pearson_scts_c1c2,pearson_scts_c1c3,delta_pearson_vs_c1,delta_pearson_lo,delta_pearson_hi,delta_auroc_vs_c1,delta_auroc_lo,delta_auroc_hi,verdict_pearson,verdict_auroc
strict,cic_ids2017_v2,dnn_5class_cw,222,True,0.8193161027351259,0.6517085851918757,0.8305599944417426,0.8134017693786332,0.7522725167326709,0.8245038097223187,0.45032424537618543,0.2180711582318824,0.5058055052539658,0.4578550913472826,0.34626747251107093,0.47396445024526457,0.007530845971097155,-0.01577307486980922,0.030666525499921972,-0.005914333356492718,-0.022143197713083956,0.009302286441171047,no difference,no difference
strict,cic_ids2017_v2,dnn_5class_smote,33,True,0.8680392341198959,0.4463194509730187,0.9393626022374729,0.8563661433361537,0.6134405064084485,0.9309485757262386,0.3506909519624533,-0.041904146305449856,0.5225085122963856,0.45436382363251865,0.0732042833874308,0.5188054504531973,0.10367287167006534,0.006982849718823982,0.20599445969530733,-0.011673090783742235,-0.07086886444747234,0.034028431302349865,composite better,no difference
strict,cic_ids2017_v2,rf_5class_cw,12,True,0.7369264507422402,0.3991228070175439,0.8882000674763832,0.8722587719298246,0.47060560053981104,0.8911099865047234,0.42660276824536614,-0.03039395714314949,0.3592885734874592,0.2913782554993654,-0.015047556690383507,0.3984705399930888,-0.13522451274600072,-0.3865166978461879,0.09966573796190807,0.13533232118758443,0.010206560333887647,0.2890539439622352,no difference,composite better
strict,cic_ids2017_v2,rf_5class_smote,8,False,0.8424269153225806,0.30657762096774194,0.9808467741935484,0.9727822580645161,0.3800403225806452,0.9850680443548387,0.17827734534357897,-0.057962194369050646,0.2745818939485388,0.28511280200366507,-0.04940701818183179,0.3064978761824556,0.10683545666008609,,,0.1303553427419355,,,not evaluable,not evaluable
strict,cic_ids2017_v2,xgb_5class_cw,5,False,0.918391959798995,0.6960804020100503,0.9752763819095477,0.9818090452261307,0.8368844221105528,0.9811055276381909,0.21686006969308963,0.044353049602477185,0.2626939130741578,0.2684820534872427,0.05628595350736008,0.2745278505005038,0.05162198379415306,,,0.06341708542713564,,,not evaluable,not evaluable
strict,cic_ids2017_v2,xgb_5class_smote,7,False,0.9473457056538628,0.4463386563084448,0.9859013091641491,0.9896417781614156,0.7306862321968062,0.9909365558912386,0.4611530882151311,-0.015112195126872497,0.33638744988550473,0.34142309602597165,0.031454842530665855,0.3512324125208426,-0.11972999218915947,,,0.04229607250755285,,,not evaluable,not evaluable
strict,nsl_kdd_v2,dnn_5class_cw,372,True,0.7367153790836244,0.41422248476131773,0.5601970755427711,0.5244139956167386,0.5202490411615642,0.6061656735840011,0.21249921987430878,-0.15251083222580147,0.023534011005959345,-0.00803967133023949,-0.022984244743933468,0.00526865304739163,-0.22053889120454828,-0.2794144142713748,-0.16160034099735282,-0.21230138346688576,-0.24846121020931175,-0.1763213786952057,c1 better,c1 better
strict,nsl_kdd_v2,dnn_5class_smote,377,True,0.728763874637567,0.56326664424301,0.5500785537592977,0.5947094362437253,0.6499844595543937,0.5998761022007826,0.17639906596753666,0.11015562517118586,0.21210209874600286,0.1989431693646711,0.18973049569669106,0.2064331649977864,0.022544103397134446,-0.05110344165241723,0.09484230945402987,-0.13405443839384168,-0.16996054704838634,-0.09812081577097947,no difference,c1 better
strict,nsl_kdd_v2,rf_5class_cw,363,True,0.7125428683870242,0.540087618009696,0.5025018271771519,0.6060173592641125,0.6012212895329778,0.7177930294813412,0.006338408402262989,0.08814504395804214,0.004342356880601937,0.012993808982595044,0.0812875232714929,0.008248885813126867,0.0066554005803320555,-0.08886396414783121,0.09930592136301475,-0.1065255091229117,-0.14085149885118967,-0.07255824907992206,no difference,c1 better
strict,nsl_kdd_v2,rf_5class_smote,389,True,0.8225526866067259,0.41344628679858125,0.4951594377290379,0.5219687056912895,0.5331350266535958,0.8081088358668624,0.1689687912681658,-0.15848752474588548,-0.022012544199318702,-0.029711970229222655,-0.05219062002100239,-0.025713925195736242,-0.19868076149738845,-0.29557876887207674,-0.10571609663934074,-0.30058398091543637,-0.33787373779835445,-0.263914738723668,c1 better,c1 better
strict,nsl_kdd_v2,xgb_5class_cw,364,True,0.7516371207408943,0.5265330188679245,0.5583920796184947,0.6533472423802612,0.6494747390973806,0.7058992501209482,0.22675101804344752,0.0565882403799631,0.08003247772311647,0.12047096666192612,0.17620157364799277,0.11793987746771713,-0.1062800513815214,-0.17722836803153008,-0.03378577161962649,-0.09828987836063308,-0.12195529704117351,-0.07531977717150616,c1 better,c1 better
strict,nsl_kdd_v2,xgb_5class_smote,362,True,0.6720933857531305,0.5740790453592892,0.5159012972167859,0.6769146504096019,0.6663173937892932,0.6770510400249398,0.2368909727237321,0.12115496653659873,0.10169123680370765,0.10565280320703264,0.26423591262618307,0.10179316973844174,-0.13123816951669948,-0.20002041740832935,-0.0633444505345551,0.004821264656471369,-0.03092483351109415,0.04014401146823794,c1 better,no difference
strict,unsw_nb15_v2,dnn_5class_cw,429,True,0.8090782539118792,0.4052861907502888,0.8127360088831193,0.7602353863299572,0.681332386236064,0.8113031160316625,0.5549075353941822,-0.16786609359050644,0.552190132341318,0.4374121160899684,0.30352277685198237,0.5448807176924182,-0.11749541930421387,-0.15348915105893238,-0.08348311490735683,-0.04884286758192191,-0.06463234164106468,-0.033039909546293204,c1 better,c1 better
strict,unsw_nb15_v2,dnn_5class_smote,404,True,0.8263152867300153,0.46210088710213304,0.8303562529071699,0.8020154993687288,0.7211712572263937,0.8265769320220613,0.5774372981072504,-0.06231942882275249,0.5526483090967025,0.48285013715161434,0.3720188300805589,0.5529669471709701,-0.09458716095563607,-0.12679226953409975,-0.06270602253412161,-0.024299787361286462,-0.04038803337110744,-0.008278116406311226,c1 better,c1 better
strict,unsw_nb15_v2,rf_5class_cw,411,True,0.8367165264231924,0.46844212013433634,0.8275500972822921,0.7774858620532966,0.6755563266536957,0.8218866568351654,0.6028014470666035,-0.0070343592555550125,0.5501573483813061,0.4482407121358605,0.3262849304475831,0.5643914145847384,-0.15456073493074307,-0.1824715206975667,-0.1266047557203307,-0.05923066436989577,-0.07774785908509974,-0.04109754188209102,c1 better,c1 better
strict,unsw_nb15_v2,rf_5class_smote,408,True,0.8574601715686274,0.46215470985691576,0.849581428855326,0.8183417792792793,0.7369212042925278,0.8484967044250132,0.6299706851679591,-0.04690098887888019,0.5766982518179845,0.48457648783701135,0.3901508212759443,0.5813339655298566,-0.14539419733094772,-0.18098045392587944,-0.10945787237356858,-0.0391183922893481,-0.05518327281075629,-0.02292613284226228,c1 better,c1 better
strict,unsw_nb15_v2,xgb_5class_cw,342,True,0.8541788869336462,0.49881130130290263,0.8448737090954336,0.8163471622318207,0.7723675323059421,0.8443893421497005,0.5962997356025136,0.02450698979640359,0.5402350348294053,0.4801689438188472,0.41244115281351523,0.5497686632942367,-0.11613079178366637,-0.1472749156153983,-0.08611406551959412,-0.0378317247018255,-0.051689718358377136,-0.023730179389358355,c1 better,c1 better
strict,unsw_nb15_v2,xgb_5class_smote,374,True,0.8417526609830688,0.5292473219319677,0.8337846611197485,0.8102821581725923,0.7689408176863542,0.8297333891442141,0.5916151410336965,0.046108003303301275,0.5381906050676176,0.4990543441737152,0.43206015857103225,0.5499460190668013,-0.09256079685998131,-0.12257950904875252,-0.0630802532687004,-0.031470502810476475,-0.04704544985346333,-0.016060887564714924,c1 better,c1 better
v2,cic_ids2017_v2,dnn_5class_cw,222,True,0.814270247110864,0.6517085851918757,0.8814759489566687,0.8185171032214734,0.7523391000254753,0.8272858333912319,0.45424608920525605,0.2180711582318824,0.5303800360609292,0.48364782180282834,0.3459969663452495,0.4969717825995338,0.029401732597572283,0.008590388547876145,0.05038206663980473,0.004246856110609376,-0.011558121045333066,0.01926899424426599,composite better,no difference
v2,cic_ids2017_v2,dnn_5class_smote,33,True,0.872724139011626,0.4463194509730187,0.9432014039046097,0.875090094324841,0.6146783240888721,0.9426059979317477,0.3600323203376474,-0.041904146305449856,0.5336979203970017,0.47110022441444116,0.07559121277913577,0.5343851004877366,0.11106790407679373,0.010873071924865417,0.21694754851960793,0.002365955313214929,-0.051732958195132156,0.044942388884087976,composite better,no difference
v2,cic_ids2017_v2,rf_5class_cw,17,True,0.8258632038776853,0.37355634013524025,0.9176291065765065,0.8777152773622166,0.4479384836335348,0.9271138770869487,0.421795417853226,-0.04883003475427186,0.1910579778462485,0.2003501945738458,-0.029609192562726965,0.20778913715080308,-0.22144522327938018,-0.43839189578760546,-0.00019950835551204527,0.05185207348453125,-0.009844950552392175,0.13880487369746497,c1 better,no difference
v2,cic_ids2017_v2,rf_5class_smote,8,False,0.9025327620967742,0.30657762096774194,0.9808467741935484,0.9724042338709677,0.3845766129032258,0.985320060483871,0.1707524649467654,-0.057962194369050646,0.2611232221430965,0.28236646220640854,-0.047414888839295476,0.302807508215984,0.11161399725964313,,,0.0698714717741935,,,not evaluable,not evaluable
v2,cic_ids2017_v2,xgb_5class_cw,5,False,0.9184924623115578,0.6960804020100503,0.9627135678391959,0.9721608040201005,0.8364824120603015,0.9717587939698492,0.1590995212613263,0.044353049602477185,0.21248394341925306,0.2165772051486013,0.05241872687145696,0.21813767759546163,0.057477683887275005,,,0.05366834170854273,,,not evaluable,not evaluable
v2,cic_ids2017_v2,xgb_5class_smote,6,False,0.9111334674714956,0.49463447350771295,0.971830985915493,0.966130114017438,0.6190476190476191,0.9728370221327968,0.17509911802994335,-0.0016135416043062182,0.24947903502299218,0.2566510762434188,0.013367230267009141,0.2605257969518755,0.08155195821347547,,,0.054996646545942385,,,not evaluable,not evaluable
v2,nsl_kdd_v2,dnn_5class_cw,373,True,0.7314074853231055,0.4153251151275703,0.7037298339682988,0.5294414442149732,0.5137682739629967,0.7073258334722988,0.1998848284793242,-0.15095238682695108,0.10970016113213649,0.00288397290656893,-0.03577660459460994,0.12259345437919111,-0.19700085557275526,-0.24121229645053394,-0.1507440187468547,-0.20196604110813232,-0.24032540144783046,-0.16345396011189434,c1 better,c1 better
v2,nsl_kdd_v2,dnn_5class_smote,377,True,0.7285190593985634,0.5622256472702036,0.5805846613673038,0.625692401360747,0.6492074372740781,0.5818491852974612,0.17926325618770275,0.10732714398970775,0.14949197190087885,0.20430924624036584,0.18874440575976206,0.16141200491226243,0.025045990052663086,-0.02315743907473016,0.07393462273601531,-0.10282665803781643,-0.1434808932926939,-0.06312078070003584,no difference,c1 better
v2,nsl_kdd_v2,rf_5class_cw,376,True,0.7365060692853246,0.5439916632569558,0.6647103450627386,0.5923562806873978,0.6216371726677578,0.671559601745772,0.0835446059947723,0.09425998525898183,0.019552459180736198,0.07214189726535475,0.12777518143536476,0.037011994088783064,-0.011402708729417552,-0.04777326794414832,0.02647518687484698,-0.14414978859792682,-0.1744275300155099,-0.11549939911877925,no difference,c1 better
v2,nsl_kdd_v2,rf_5class_smote,396,True,0.8314184895310723,0.4101591243561442,0.751670262224898,0.5459207137601177,0.5362461535888688,0.7689749314335407,0.18344325173013065,-0.16503387481986082,0.06930370862583661,-0.02890602281085016,-0.0474291582984081,0.07921423088548964,-0.21234927454098082,-0.24680481267269527,-0.17682316725964484,-0.2854977757709546,-0.3191358904847102,-0.2520208102824549,c1 better,c1 better
v2,nsl_kdd_v2,xgb_5class_cw,362,True,0.6146625331231923,0.5386632085765254,0.49468080500181855,0.5637892066021234,0.6003372936836454,0.49464183654029337,0.20447096213752053,0.07941150718939462,0.11153997928934117,0.12017218871976885,0.181580114691739,0.12298340055942751,-0.08429877341775167,-0.12281807919179134,-0.03926865548636708,-0.05087332652106891,-0.08160202326967123,-0.019651675286823697,c1 better,c1 better
v2,nsl_kdd_v2,xgb_5class_smote,359,True,0.6503157062215636,0.5823791168916952,0.5516167721917791,0.6385261538595248,0.6595196398385184,0.5527075122002094,0.19470337589356584,0.13600762419157156,0.09084093733769011,0.145890585691287,0.2457543890224849,0.1055280144843151,-0.048812790202278855,-0.09378694763378953,0.004073262434173353,-0.011789552362038824,-0.045645391957629615,0.022391639600509702,no difference,no difference
v2,unsw_nb15_v2,dnn_5class_cw,433,True,0.8107172387387938,0.4077230755444766,0.8248978660833934,0.7631715075902913,0.6876473966543251,0.8178411557934268,0.5599537794361649,-0.16327379745103995,0.5506830250579571,0.4353251130946696,0.314928595283742,0.5431279832082526,-0.12462866634149528,-0.16001531339902894,-0.0907673109205671,-0.04754573114850247,-0.06217552853594074,-0.03287963174689579,c1 better,c1 better
v2,unsw_nb15_v2,dnn_5class_smote,399,True,0.8189254333837923,0.45688889444910114,0.8235563951476028,0.7903973744677835,0.713211898298158,0.816902906183929,0.5633425132791527,-0.07165742454480398,0.5083737669459921,0.41648419709777407,0.3573766438484412,0.504161376964071,-0.14685831618137868,-0.1858405432588593,-0.106851958543433,-0.028528058916008847,-0.04504420256279392,-0.012189464331680578,c1 better,c1 better
v2,unsw_nb15_v2,rf_5class_cw,418,True,0.8446928591394137,0.47439328170473044,0.8348727371380654,0.786836761538335,0.6853553165951429,0.8305566517042372,0.6149149572167065,0.00257720899269994,0.5598433959895579,0.45324965176839205,0.3413487800679759,0.5704385195664224,-0.16166530544831448,-0.19255078220555089,-0.13159490478353963,-0.05785609760107868,-0.07594278382760702,-0.040168026329700304,c1 better,c1 better
v2,unsw_nb15_v2,rf_5class_smote,412,True,0.8600385542566541,0.46208969024503005,0.8534257149461727,0.822283039429364,0.7428010038967043,0.8520346245294235,0.6380815522022565,-0.04720718224125914,0.5937841595068867,0.5039791553110344,0.39869496249229636,0.5984278661688763,-0.13410239689122205,-0.1670973424129129,-0.10053609363708177,-0.037755514827290115,-0.05387178295734075,-0.02134636197752909,c1 better,c1 better
v2,unsw_nb15_v2,xgb_5class_cw,346,True,0.8573032118930194,0.5012705273019745,0.848440455356985,0.8200204168213395,0.7750503791695391,0.8466926517120079,0.603281161158123,0.028488464656383716,0.5404833821171487,0.4739304270093266,0.42046134272371954,0.5492223231915424,-0.12935073414879644,-0.16410681915978542,-0.09563265944116017,-0.037282795071679864,-0.05118535802055717,-0.023079799638186838,c1 better,c1 better
v2,unsw_nb15_v2,xgb_5class_smote,386,True,0.857918009822619,0.5414338998497915,0.8493527535400246,0.8254143389984979,0.7865247000050632,0.8458464836036522,0.621256921084542,0.06621754099616561,0.5541701422760966,0.5077966459529649,0.46573491410816453,0.563091339045247,-0.11346027513157708,-0.14717113836592688,-0.07942184092962584,-0.03250367082412109,-0.04808180244284312,-0.01697130984405094,c1 better,c1 better
