protocol,dataset,model,predicted_class_idx,predicted_class,mondrian_threshold,is_fallback,n_calib,cliff_fraction,signal_threshold,signal_cliff,signal_support,calib_health
v2,nsl_kdd_v2,rf_5class_cw,0,Normal,1.0,False,13289,0.2649559786289412,red,red,green,red
v2,nsl_kdd_v2,rf_5class_cw,1,DoS,0.44815066602813314,False,6225,0.03389558232931727,green,green,green,green
v2,nsl_kdd_v2,rf_5class_cw,2,Probe,1.0,False,1891,0.10682178741406663,red,amber,green,red
v2,nsl_kdd_v2,rf_5class_cw,3,R2L,0.493152572783529,False,136,0.0,green,green,green,green
v2,nsl_kdd_v2,rf_5class_cw,4,U2R,1.0,True,3,0.6666666666666666,red,red,red,red
v2,nsl_kdd_v2,xgb_5class_cw,0,Normal,1.0,False,13071,0.25644556652130673,red,red,green,red
v2,nsl_kdd_v2,xgb_5class_cw,1,DoS,0.2908620834350586,False,6324,0.03241619228336496,green,green,green,green
v2,nsl_kdd_v2,xgb_5class_cw,2,Probe,1.0,False,1947,0.1689779147406266,red,amber,green,red
v2,nsl_kdd_v2,xgb_5class_cw,3,R2L,0.40000253915786743,False,196,0.00510204081632653,green,green,green,green
v2,nsl_kdd_v2,xgb_5class_cw,4,U2R,1.0,True,6,1.0,red,red,red,red
v2,nsl_kdd_v2,dnn_5class_cw,0,Normal,1.0,False,13374,0.28046956781815463,red,red,green,red
v2,nsl_kdd_v2,dnn_5class_cw,1,DoS,0.4447098970413208,False,6272,0.04400510204081633,green,green,green,green
v2,nsl_kdd_v2,dnn_5class_cw,2,Probe,0.9866669774055481,False,1686,0.09786476868327403,amber,amber,green,amber
v2,nsl_kdd_v2,dnn_5class_cw,3,R2L,0.3751949667930603,False,202,0.01485148514851485,green,green,green,green
v2,nsl_kdd_v2,dnn_5class_cw,4,U2R,1.0,True,10,0.6,red,red,red,red
v2,nsl_kdd_v2,rf_5class_smote,0,Normal,1.0,False,13499,0.26327876138973255,red,red,green,red
v2,nsl_kdd_v2,rf_5class_smote,1,DoS,0.47368446160102495,False,6319,0.03260009495173287,green,green,green,green
v2,nsl_kdd_v2,rf_5class_smote,2,Probe,1.0,False,1687,0.11440426793123888,red,amber,green,red
v2,nsl_kdd_v2,rf_5class_smote,3,R2L,0.750000163967272,False,35,0.0,green,green,amber,amber
v2,nsl_kdd_v2,rf_5class_smote,4,U2R,1.0,True,4,0.5,red,red,red,red
v2,nsl_kdd_v2,xgb_5class_smote,0,Normal,1.0,False,13071,0.24458725422691455,red,red,green,red
v2,nsl_kdd_v2,xgb_5class_smote,1,DoS,0.3571479916572571,False,6277,0.032658913493707184,green,green,green,green
v2,nsl_kdd_v2,xgb_5class_smote,2,Probe,1.0,False,1923,0.17992719708788352,red,amber,green,red
v2,nsl_kdd_v2,xgb_5class_smote,3,R2L,0.43968233466148376,False,268,0.0,green,green,green,green
v2,nsl_kdd_v2,xgb_5class_smote,4,U2R,1.0,True,5,1.0,red,red,red,red
v2,nsl_kdd_v2,dnn_5class_smote,0,Normal,1.0,False,13292,0.2830273848931688,red,red,green,red
v2,nsl_kdd_v2,dnn_5class_smote,1,DoS,0.45670437812805176,False,6347,0.04584843233023476,green,green,green,green
v2,nsl_kdd_v2,dnn_5class_smote,2,Probe,1.0,False,1631,0.11710606989576947,red,amber,green,red
v2,nsl_kdd_v2,dnn_5class_smote,3,R2L,1.0,False,235,0.3702127659574468,red,red,green,red
v2,nsl_kdd_v2,dnn_5class_smote,4,U2R,1.0,False,39,0.9230769230769231,red,red,amber,red
v2,unsw_nb15_v2,rf_5class_cw,0,Normal,0.4874123811248312,False,27812,0.00028764562059542645,green,green,green,green
v2,unsw_nb15_v2,rf_5class_cw,1,DoS,0.690847979035034,False,124,0.008064516129032258,green,green,green,green
v2,unsw_nb15_v2,rf_5class_cw,2,Probe,0.7267913863775285,False,3163,0.0037938665823585203,green,green,green,green
v2,unsw_nb15_v2,rf_5class_cw,3,R2L,0.9001092132802904,False,30918,0.01972960734847015,green,green,green,green
v2,unsw_nb15_v2,rf_5class_cw,4,U2R,0.9982911108044621,False,444,0.30405405405405406,amber,red,green,red
v2,unsw_nb15_v2,xgb_5class_cw,0,Normal,0.4801475405693054,False,27185,0.0001839249586168843,green,green,green,green
v2,unsw_nb15_v2,xgb_5class_cw,1,DoS,0.8636389374732971,False,842,0.026128266033254157,green,green,green,green
v2,unsw_nb15_v2,xgb_5class_cw,2,Probe,0.9127776026725769,False,3699,0.04271424709380914,green,green,green,green
v2,unsw_nb15_v2,xgb_5class_cw,3,R2L,0.9098784327507019,False,30010,0.03268910363212263,green,green,green,green
v2,unsw_nb15_v2,xgb_5class_cw,4,U2R,0.9981290698051453,False,725,0.2620689655172414,amber,red,green,red
v2,unsw_nb15_v2,dnn_5class_cw,0,Normal,0.46638959646224976,False,22602,0.0,green,green,green,green
v2,unsw_nb15_v2,dnn_5class_cw,1,DoS,0.5731340050697327,False,97,0.0,green,green,amber,amber
v2,unsw_nb15_v2,dnn_5class_cw,2,Probe,0.9781879782676697,False,4536,0.08465608465608465,amber,amber,green,amber
v2,unsw_nb15_v2,dnn_5class_cw,3,R2L,0.8907523155212402,False,34284,0.009917162524792906,green,green,green,green
v2,unsw_nb15_v2,dnn_5class_cw,4,U2R,0.9985120892524719,False,942,0.28450106157112526,amber,red,green,red
v2,unsw_nb15_v2,rf_5class_smote,0,Normal,0.49192952937459744,False,27154,0.0001841349340796936,green,green,green,green
v2,unsw_nb15_v2,rf_5class_smote,1,DoS,0.8096613717370588,False,192,0.020833333333333332,green,green,green,green
v2,unsw_nb15_v2,rf_5class_smote,2,Probe,0.8010273929344949,False,3555,0.002250351617440225,green,green,green,green
v2,unsw_nb15_v2,rf_5class_smote,3,R2L,0.8975130187103496,False,30995,0.015873527988385223,green,green,green,green
v2,unsw_nb15_v2,rf_5class_smote,4,U2R,0.999337565692101,False,565,0.3238938053097345,red,red,green,red
v2,unsw_nb15_v2,xgb_5class_smote,0,Normal,0.4848346710205078,False,28169,0.0003195001597500799,green,green,green,green
v2,unsw_nb15_v2,xgb_5class_smote,1,DoS,0.8512584567070007,False,883,0.004530011325028313,green,green,green,green
v2,unsw_nb15_v2,xgb_5class_smote,2,Probe,0.9123104214668274,False,3760,0.03696808510638298,green,green,green,green
v2,unsw_nb15_v2,xgb_5class_smote,3,R2L,0.9050580859184265,False,29039,0.030269637384207446,green,green,green,green
v2,unsw_nb15_v2,xgb_5class_smote,4,U2R,0.9977757334709167,False,610,0.25245901639344265,amber,red,green,red
v2,unsw_nb15_v2,dnn_5class_smote,0,Normal,0.49464404582977295,False,26504,0.00015092061575611228,green,green,green,green
v2,unsw_nb15_v2,dnn_5class_smote,1,DoS,0.6507017612457275,False,327,0.0030581039755351682,green,green,green,green
v2,unsw_nb15_v2,dnn_5class_smote,2,Probe,0.9772981405258179,False,4507,0.1027290880852008,amber,amber,green,amber
v2,unsw_nb15_v2,dnn_5class_smote,3,R2L,0.8904426097869873,False,30117,0.014676096556761963,green,green,green,green
v2,unsw_nb15_v2,dnn_5class_smote,4,U2R,1.0,False,1006,0.3220675944333996,red,red,green,red
v2,cic_ids2017_v2,rf_5class_cw,0,Normal,0.0011118676713278708,False,31768,9.443465122135482e-05,amber,green,green,amber
v2,cic_ids2017_v2,rf_5class_cw,1,DoS,0.011909181161902538,False,5161,0.0021313698895562877,amber,green,green,amber
v2,cic_ids2017_v2,rf_5class_cw,2,Probe,0.010208443054763872,False,2051,0.004388103364212579,amber,green,green,amber
v2,cic_ids2017_v2,rf_5class_cw,3,R2L,0.006021504765367003,True,27,0.037037037037037035,amber,green,red,red
v2,cic_ids2017_v2,rf_5class_cw,4,U2R,0.006021504765367003,True,0,,amber,red,red,red
v2,cic_ids2017_v2,xgb_5class_cw,0,Normal,0.0005363821983337402,False,31776,6.294058408862034e-05,red,green,green,red
v2,cic_ids2017_v2,xgb_5class_cw,1,DoS,0.008852005004882812,False,5156,0.0013576415826221878,amber,green,green,amber
v2,cic_ids2017_v2,xgb_5class_cw,2,Probe,0.025135695934295654,False,2049,0.003904343582235237,amber,green,green,amber
v2,cic_ids2017_v2,xgb_5class_cw,3,R2L,0.001264035701751709,True,25,0.04,amber,green,red,red
v2,cic_ids2017_v2,xgb_5class_cw,4,U2R,0.001264035701751709,True,1,0.0,amber,green,red,red
v2,cic_ids2017_v2,dnn_5class_cw,0,Normal,0.42870211601257324,False,32537,0.004794541598795218,green,green,green,green
v2,cic_ids2017_v2,dnn_5class_cw,1,DoS,0.48829638957977295,False,4005,0.00149812734082397,green,green,green,green
v2,cic_ids2017_v2,dnn_5class_cw,2,Probe,0.8320385217666626,False,2446,0.0012264922322158627,green,green,green,green
v2,cic_ids2017_v2,dnn_5class_cw,3,R2L,0.48829638957977295,True,16,0.0,green,green,red,red
v2,cic_ids2017_v2,dnn_5class_cw,4,U2R,0.48829638957977295,True,3,1.0,green,red,red,red
v2,cic_ids2017_v2,rf_5class_smote,0,Normal,0.0007323098584490761,False,31763,6.29663444888707e-05,red,green,green,red
v2,cic_ids2017_v2,rf_5class_smote,1,DoS,0.01846194316658034,False,5159,0.0005815080441946114,amber,green,green,amber
v2,cic_ids2017_v2,rf_5class_smote,2,Probe,0.004042268800085624,False,2051,0.0039005363237445147,amber,green,green,amber
v2,cic_ids2017_v2,rf_5class_smote,3,R2L,0.996134139969178,False,34,0.11764705882352941,amber,amber,amber,amber
v2,cic_ids2017_v2,rf_5class_smote,4,U2R,0.003867778123281762,True,0,,amber,red,red,red
v2,cic_ids2017_v2,xgb_5class_smote,0,Normal,0.00036585330963134766,False,31768,6.295643414756988e-05,red,green,green,red
v2,cic_ids2017_v2,xgb_5class_smote,1,DoS,0.012272477149963379,False,5161,0.0017438480914551443,amber,green,green,amber
v2,cic_ids2017_v2,xgb_5class_smote,2,Probe,0.043100059032440186,False,2049,0.004392386530014641,amber,green,green,amber
v2,cic_ids2017_v2,xgb_5class_smote,3,R2L,0.001849353313446045,True,29,0.10344827586206896,amber,amber,red,red
v2,cic_ids2017_v2,xgb_5class_smote,4,U2R,0.001849353313446045,True,0,,amber,red,red,red
v2,cic_ids2017_v2,dnn_5class_smote,0,Normal,0.007840931415557861,False,31604,0.0003164156435894191,amber,green,green,amber
v2,cic_ids2017_v2,dnn_5class_smote,1,DoS,0.4623229503631592,False,5288,0.00132375189107413,green,green,green,green
v2,cic_ids2017_v2,dnn_5class_smote,2,Probe,0.7884213924407959,False,2066,0.0,green,green,green,green
v2,cic_ids2017_v2,dnn_5class_smote,3,R2L,0.990983784198761,False,49,0.04081632653061224,amber,green,amber,amber
v2,cic_ids2017_v2,dnn_5class_smote,4,U2R,0.1858748197555542,True,0,,green,red,red,red
strict,nsl_kdd_v2,rf_5class_cw,0,Normal,1.2169796308691971e-05,False,2693,0.0,red,green,green,red
strict,nsl_kdd_v2,rf_5class_cw,1,DoS,1.2169796308691971e-05,False,1837,0.0,red,green,green,red
strict,nsl_kdd_v2,rf_5class_cw,2,Probe,1.2169796308691971e-05,False,467,0.0,red,green,green,red
strict,nsl_kdd_v2,rf_5class_cw,3,R2L,0.6129077847329771,False,40,0.0,green,green,amber,amber
strict,nsl_kdd_v2,rf_5class_cw,4,U2R,1.2169796308691971e-05,True,0,,red,red,red,red
strict,nsl_kdd_v2,xgb_5class_cw,0,Normal,2.086162567138672e-06,False,2695,0.0,red,green,green,red
strict,nsl_kdd_v2,xgb_5class_cw,1,DoS,2.0265579223632812e-06,False,1836,0.0,red,green,green,red
strict,nsl_kdd_v2,xgb_5class_cw,2,Probe,2.0265579223632812e-06,False,466,0.0,red,green,green,red
strict,nsl_kdd_v2,xgb_5class_cw,3,R2L,0.4321458041667938,False,40,0.0,green,green,amber,amber
strict,nsl_kdd_v2,xgb_5class_cw,4,U2R,2.0265579223632812e-06,True,0,,red,red,red,red
strict,nsl_kdd_v2,dnn_5class_cw,0,Normal,0.031620092689991,False,2691,0.0014864362690449647,amber,green,green,amber
strict,nsl_kdd_v2,dnn_5class_cw,1,DoS,9.012222290039062e-05,False,1841,0.0021727322107550242,red,green,green,red
strict,nsl_kdd_v2,dnn_5class_cw,2,Probe,0.18288248777389526,False,461,0.0,green,green,green,green
strict,nsl_kdd_v2,dnn_5class_cw,3,R2L,0.8595784306526184,False,43,0.0,green,green,amber,amber
strict,nsl_kdd_v2,dnn_5class_cw,4,U2R,0.02159399911761284,True,1,0.0,amber,green,red,red
strict,nsl_kdd_v2,rf_5class_smote,0,Normal,1.4703896268120076e-05,False,2696,0.0,red,green,green,red
strict,nsl_kdd_v2,rf_5class_smote,1,DoS,1.4703896268120076e-05,False,1838,0.0,red,green,green,red
strict,nsl_kdd_v2,rf_5class_smote,2,Probe,1.4703896268120076e-05,False,466,0.0,red,green,green,red
strict,nsl_kdd_v2,rf_5class_smote,3,R2L,0.7120501755676993,False,37,0.0,green,green,amber,amber
strict,nsl_kdd_v2,rf_5class_smote,4,U2R,1.4703896268120076e-05,True,0,,red,red,red,red
strict,nsl_kdd_v2,xgb_5class_smote,0,Normal,2.6226043701171875e-06,False,2696,0.0,red,green,green,red
strict,nsl_kdd_v2,xgb_5class_smote,1,DoS,2.6226043701171875e-06,False,1836,0.0,red,green,green,red
strict,nsl_kdd_v2,xgb_5class_smote,2,Probe,2.6226043701171875e-06,False,466,0.0,red,green,green,red
strict,nsl_kdd_v2,xgb_5class_smote,3,R2L,0.025644950568675995,False,39,0.02564102564102564,amber,green,amber,amber
strict,nsl_kdd_v2,xgb_5class_smote,4,U2R,2.6226043701171875e-06,True,0,,red,red,red,red
strict,nsl_kdd_v2,dnn_5class_smote,0,Normal,0.00010460615158081055,False,2696,0.001112759643916914,red,green,green,red
strict,nsl_kdd_v2,dnn_5class_smote,1,DoS,0.00010406970977783203,False,1839,0.000543773790103317,red,green,green,red
strict,nsl_kdd_v2,dnn_5class_smote,2,Probe,0.008349001407623291,False,464,0.0,amber,green,green,amber
strict,nsl_kdd_v2,dnn_5class_smote,3,R2L,0.9333398342132568,False,37,0.0,green,green,amber,amber
strict,nsl_kdd_v2,dnn_5class_smote,4,U2R,0.0044321417808532715,True,1,0.0,amber,green,red,red
strict,unsw_nb15_v2,rf_5class_cw,0,Normal,0.508852118727751,False,2178,0.0009182736455463728,green,green,green,green
strict,unsw_nb15_v2,rf_5class_cw,1,DoS,0.804796172841667,True,16,0.0625,green,amber,red,red
strict,unsw_nb15_v2,rf_5class_cw,2,Probe,0.5803534129233457,False,339,0.011799410029498525,green,green,green,green
strict,unsw_nb15_v2,rf_5class_cw,3,R2L,0.89307657822119,False,2830,0.009187279151943463,green,green,green,green
strict,unsw_nb15_v2,rf_5class_cw,4,U2R,0.9780305604999536,False,52,0.09615384615384616,amber,amber,amber,amber
strict,unsw_nb15_v2,xgb_5class_cw,0,Normal,0.49233824014663696,False,2138,0.0004677268475210477,green,green,green,green
strict,unsw_nb15_v2,xgb_5class_cw,1,DoS,0.8407449722290039,False,39,0.0,green,green,amber,amber
strict,unsw_nb15_v2,xgb_5class_cw,2,Probe,0.7467396855354309,False,359,0.008356545961002786,green,green,green,green
strict,unsw_nb15_v2,xgb_5class_cw,3,R2L,0.8903102278709412,False,2811,0.008537886872998933,green,green,green,green
strict,unsw_nb15_v2,xgb_5class_cw,4,U2R,0.9951592683792114,False,68,0.11764705882352941,amber,amber,amber,amber
strict,unsw_nb15_v2,dnn_5class_cw,0,Normal,0.0,False,1811,0.0,red,green,green,red
strict,unsw_nb15_v2,dnn_5class_cw,1,DoS,0.8166871070861816,True,16,0.0625,green,amber,red,red
strict,unsw_nb15_v2,dnn_5class_cw,2,Probe,0.8506355881690979,False,423,0.02364066193853428,green,green,green,green
strict,unsw_nb15_v2,dnn_5class_cw,3,R2L,0.8910475969314575,False,3103,0.007412181759587496,green,green,green,green
strict,unsw_nb15_v2,dnn_5class_cw,4,U2R,0.9770077466964722,False,62,0.12903225806451613,amber,amber,amber,amber
strict,unsw_nb15_v2,rf_5class_smote,0,Normal,0.4898282879714695,False,2131,0.0,green,green,green,green
strict,unsw_nb15_v2,rf_5class_smote,1,DoS,0.821473904734338,True,18,0.1111111111111111,green,amber,red,red
strict,unsw_nb15_v2,rf_5class_smote,2,Probe,0.6556167977121395,False,332,0.006024096385542169,green,green,green,green
strict,unsw_nb15_v2,rf_5class_smote,3,R2L,0.893963805851238,False,2880,0.008680555555555556,green,green,green,green
strict,unsw_nb15_v2,rf_5class_smote,4,U2R,0.9806986207336031,False,54,0.09259259259259259,amber,amber,amber,amber
strict,unsw_nb15_v2,xgb_5class_smote,0,Normal,0.5203753709793091,False,2174,0.0,green,green,green,green
strict,unsw_nb15_v2,xgb_5class_smote,1,DoS,0.8033283948898315,True,26,0.0,green,green,red,red
strict,unsw_nb15_v2,xgb_5class_smote,2,Probe,0.735349714756012,False,343,0.008746355685131196,green,green,green,green
strict,unsw_nb15_v2,xgb_5class_smote,3,R2L,0.8894880414009094,False,2808,0.009615384615384616,green,green,green,green
strict,unsw_nb15_v2,xgb_5class_smote,4,U2R,0.9834945797920227,False,64,0.078125,amber,amber,amber,amber
strict,unsw_nb15_v2,dnn_5class_smote,0,Normal,0.5049170851707458,False,1993,0.0005017561465127947,green,green,green,green
strict,unsw_nb15_v2,dnn_5class_smote,1,DoS,0.8247913122177124,True,25,0.04,green,green,red,red
strict,unsw_nb15_v2,dnn_5class_smote,2,Probe,0.8196023106575012,False,379,0.018469656992084433,green,green,green,green
strict,unsw_nb15_v2,dnn_5class_smote,3,R2L,0.8927103281021118,False,2953,0.0060954961056552655,green,green,green,green
strict,unsw_nb15_v2,dnn_5class_smote,4,U2R,0.9813778400421143,False,65,0.1076923076923077,amber,amber,amber,amber
strict,cic_ids2017_v2,rf_5class_cw,0,Normal,0.0011074155635416583,False,6425,0.0004669260700389105,amber,green,green,amber
strict,cic_ids2017_v2,rf_5class_cw,1,DoS,0.01727519033700231,False,1077,0.0,amber,green,green,amber
strict,cic_ids2017_v2,rf_5class_cw,2,Probe,0.012733246247872648,False,455,0.008791208791208791,amber,green,green,amber
strict,cic_ids2017_v2,rf_5class_cw,3,R2L,0.4708609292325353,False,43,0.0,green,green,amber,amber
strict,cic_ids2017_v2,rf_5class_cw,4,U2R,0.006403103777999242,True,0,,amber,red,red,red
strict,cic_ids2017_v2,xgb_5class_cw,0,Normal,0.0006804466247558594,False,6427,0.0,red,green,green,red
strict,cic_ids2017_v2,xgb_5class_cw,1,DoS,0.009773492813110352,False,1074,0.0,amber,green,green,amber
strict,cic_ids2017_v2,xgb_5class_cw,2,Probe,0.02907489612698555,False,454,0.006607929515418502,amber,green,green,amber
strict,cic_ids2017_v2,xgb_5class_cw,3,R2L,0.02895846590399742,False,45,0.0,amber,green,amber,amber
strict,cic_ids2017_v2,xgb_5class_cw,4,U2R,0.00156480073928833,True,0,,amber,red,red,red
strict,cic_ids2017_v2,dnn_5class_cw,0,Normal,0.4771433174610138,False,6627,0.0051305266334691416,green,green,green,green
strict,cic_ids2017_v2,dnn_5class_cw,1,DoS,0.49221915006637573,False,839,0.0,green,green,green,green
strict,cic_ids2017_v2,dnn_5class_cw,2,Probe,0.8286464214324951,False,522,0.0019157088122605363,green,green,green,green
strict,cic_ids2017_v2,dnn_5class_cw,3,R2L,0.5230257511138916,True,12,0.0,green,green,red,red
strict,cic_ids2017_v2,dnn_5class_cw,4,U2R,0.5230257511138916,True,0,,green,red,red,red
strict,cic_ids2017_v2,rf_5class_smote,0,Normal,0.0009135153850574618,False,6425,0.0004669260700389105,red,green,green,red
strict,cic_ids2017_v2,rf_5class_smote,1,DoS,0.02337204130973774,False,1076,0.0,amber,green,green,amber
strict,cic_ids2017_v2,rf_5class_smote,2,Probe,0.004255890575112997,False,454,0.00881057268722467,amber,green,green,amber
strict,cic_ids2017_v2,rf_5class_smote,3,R2L,0.9209928037459517,False,45,0.0,green,green,amber,amber
strict,cic_ids2017_v2,rf_5class_smote,4,U2R,0.004071871096882118,True,0,,amber,red,red,red
strict,cic_ids2017_v2,xgb_5class_smote,0,Normal,0.0004558563232421875,False,6421,0.0,red,green,green,red
strict,cic_ids2017_v2,xgb_5class_smote,1,DoS,0.014304757118225098,False,1079,0.0,amber,green,green,amber
strict,cic_ids2017_v2,xgb_5class_smote,2,Probe,0.05542445182800293,False,454,0.006607929515418502,green,green,green,green
strict,cic_ids2017_v2,xgb_5class_smote,3,R2L,0.23879463970661163,False,46,0.021739130434782608,green,green,amber,amber
strict,cic_ids2017_v2,xgb_5class_smote,4,U2R,0.0013252496719360352,True,0,,amber,red,red,red
strict,cic_ids2017_v2,dnn_5class_smote,0,Normal,0.013442754745483398,False,6412,0.0009357454772301934,amber,green,green,amber
strict,cic_ids2017_v2,dnn_5class_smote,1,DoS,0.48006415367126465,False,1091,0.0009165902841429881,green,green,green,green
strict,cic_ids2017_v2,dnn_5class_smote,2,Probe,0.7811199426651001,False,452,0.0022123893805309734,green,green,green,green
strict,cic_ids2017_v2,dnn_5class_smote,3,R2L,0.8608280420303345,False,45,0.0,green,green,amber,amber
strict,cic_ids2017_v2,dnn_5class_smote,4,U2R,0.1871861219406128,True,0,,green,red,red,red
